metric,calc_min,calc_max,pdf_min,pdf_max,min_error,max_error
acc_base_m_s2,-8.656,8.199,-8.656,8.199,0,0
acc_middle_m_s2,-17.99,13.77,-17.99,13.77,0,0
acc_surface_m_s2,-18.11,17.09,-18.11,17.09,0,0
strain_base,-0.001315,0.001988,-0.001315,0.001988,0,0
stress_base_pa,-241300,307900,-241300,307900,0,0
strain_middle,-0.0006766,0.0008415,-0.0006766,0.0008415,0,0
stress_middle_pa,-158900,182400,-158900,182400,0,0
